,id,r1state,r1string,r2state,r2string,r3state,r3string,r4state,r4string,r5state,r5string,r6state,r6string,r7state,r7string,r8state,r8string,r3count,r5count,netprod,errprod,shiftstate,shift,ctime
0,603,1, ,1, ,1, ,1, ,1, ,1, ,1, ,1, ,0,0,0,0,0,Mavi,2022-01-18 22:35:20
1,604,1, ,1, ,1, ,1, ,0, ,1, ,1, ,1, ,0,0,0,0,0,Mavi,2022-01-18 22:36:56
2,605,1, ,1, ,1, ,1, ,0,Sensor Arizasi,1, ,1, ,1, ,0,0,0,0,0,Mavi,2022-01-18 22:37:00
3,606,1, ,0, ,1, ,1, ,1, ,1, ,1, ,1, ,0,0,0,0,0,Mavi,2022-01-18 22:37:32
4,607,1, ,0,Zimpara Degisimi,1, ,1, ,1, ,1, ,1, ,1, ,0,0,0,0,0,Mavi,2022-01-18 22:37:37
5,608,1, ,0,Zimpara Degisimi,1, ,1, ,1, ,0, ,0, ,0, ,0,0,0,0,0,Mavi,2022-01-18 22:37:57
6,609,1, ,0,Zimpara Degisimi,1, ,1, ,1, ,0,Kanban Durusu,0, ,0, ,0,0,0,0,0,Mavi,2022-01-18 22:38:06
7,610,1, ,0,Zimpara Degisimi,1, ,1, ,1, ,0,Kanban Durusu,0,Kanban Durusu,0, ,0,0,0,0,0,Mavi,2022-01-18 22:38:07
8,611,1, ,0,Zimpara Degisimi,1, ,1, ,1, ,0,Kanban Durusu,0,Kanban Durusu,0,Kanban Durusu,0,0,0,0,0,Mavi,2022-01-18 22:38:08
9,612,1, ,1, ,1, ,1, ,1, ,0,Kanban Durusu,0,Kanban Durusu,0,Kanban Durusu,0,0,0,0,0,Mavi,2022-01-18 22:38:15
10,613,1, ,1, ,0, ,1, ,1, ,0,Kanban Durusu,0,Kanban Durusu,0,Kanban Durusu,0,0,0,0,0,Mavi,2022-01-18 22:39:35
11,614,1, ,1, ,0,Sensor Arizasi,1, ,1, ,0,Kanban Durusu,0,Kanban Durusu,0,Kanban Durusu,0,0,0,0,0,Mavi,2022-01-18 22:39:41
12,615,1, ,1, ,1, ,1, ,1, ,0,Kanban Durusu,0,Kanban Durusu,0,Kanban Durusu,0,0,0,0,0,Mavi,2022-01-18 22:41:32
13,616,0, ,1, ,1, ,1, ,1, ,0,Kanban Durusu,0,Kanban Durusu,0,Kanban Durusu,0,0,0,0,0,Mavi,2022-01-18 22:44:05
14,617,0,Sensor Arizasi,1, ,1, ,1, ,1, ,0,Kanban Durusu,0,Kanban Durusu,0,Kanban Durusu,0,0,0,0,0,Mavi,2022-01-18 22:44:10
15,618,0,Sensor Arizasi,1, ,1, ,0, ,1, ,0,Kanban Durusu,0,Kanban Durusu,0,Kanban Durusu,0,0,0,0,0,Mavi,2022-01-18 22:44:17
16,619,0,Sensor Arizasi,1, ,1, ,0,Zimpara Degisimi,1, ,0,Kanban Durusu,0,Kanban Durusu,0,Kanban Durusu,0,0,0,0,0,Mavi,2022-01-18 22:44:22
17,620,1, ,1, ,1, ,1, ,1, ,0,Kanban Durusu,0,Kanban Durusu,0,Kanban Durusu,0,0,0,0,0,Mavi,2022-01-18 22:45:59
18,621,1, ,1, ,1, ,1, ,1, ,1, ,1, ,1, ,0,0,0,0,0,Mavi,2022-01-18 22:48:03
19,622,1, ,1, ,1, ,1, ,1, ,0, ,0, ,0, ,0,0,0,0,0,Mavi,2022-01-18 23:19:23
20,623,1, ,1, ,1, ,1, ,1, ,0,Kanban Durusu,0, ,0, ,0,0,0,0,0,Mavi,2022-01-18 23:19:31
21,624,1, ,1, ,1, ,1, ,1, ,0,Kanban Durusu,0,Kanban Durusu,0, ,0,0,0,0,0,Mavi,2022-01-18 23:19:33
22,625,1, ,1, ,1, ,1, ,1, ,0,Kanban Durusu,0,Kanban Durusu,0,Kanban Durusu,0,0,0,0,0,Mavi,2022-01-18 23:19:35
23,626,1, ,1, ,1, ,1, ,1, ,1, ,1, ,1, ,0,0,0,0,0,Mavi,2022-01-18 23:49:25
24,627,0,,0,,0,,0,,0,,0,,0,,0,,0,0,0,0,0,,2022-01-19 08:34:10
25,628,0, ,0, ,0, ,0, ,0, ,0, ,0, ,0, ,0,0,0,0,0, ,2022-01-19 08:34:41
26,629,0, ,0, ,0, ,0, ,0, ,0, ,0, ,0, ,0,0,0,0,0,Kirmizi,2022-01-19 08:35:02
27,630,1, ,1, ,1, ,1, ,1, ,1, ,1, ,1, ,0,0,0,0,0,Kirmizi,2022-01-19 08:35:25
28,631,0, ,1, ,1, ,1, ,1, ,1, ,1, ,1, ,0,0,0,0,0,Kirmizi,2022-01-19 08:36:16
29,632,1, ,1, ,1, ,1, ,1, ,1, ,1, ,1, ,0,0,0,0,0,Kirmizi,2022-01-19 08:36:24
30,633,1, ,1, ,1, ,1, ,1, ,0, ,0, ,0, ,0,0,0,0,0,Kirmizi,2022-01-19 08:36:45
31,634,1, ,1, ,1, ,1, ,1, ,0,Kanban Durusu,0, ,0, ,0,0,0,0,0,Kirmizi,2022-01-19 08:36:56
32,635,1, ,1, ,1, ,1, ,1, ,0,Kanban Durusu,0,Kanban Durusu,0, ,0,0,0,0,0,Kirmizi,2022-01-19 08:36:57
33,636,1, ,1, ,1, ,1, ,1, ,0,Kanban Durusu,0,Kanban Durusu,0,Kanban Durusu,0,0,0,0,0,Kirmizi,2022-01-19 08:36:58
34,637,1, ,1, ,0, ,1, ,1, ,0,Kanban Durusu,0,Kanban Durusu,0,Kanban Durusu,0,0,0,0,0,Kirmizi,2022-01-19 08:37:03
35,638,1, ,1, ,0,Zimpara Degisimi,1, ,1, ,0,Kanban Durusu,0,Kanban Durusu,0,Kanban Durusu,0,0,0,0,0,Kirmizi,2022-01-19 08:37:07
36,639,1, ,1, ,1, ,1, ,1, ,0,Kanban Durusu,0,Kanban Durusu,0,Kanban Durusu,0,0,0,0,0,Kirmizi,2022-01-19 08:42:18
37,640,0, ,1, ,1, ,1, ,1, ,0,Kanban Durusu,0,Kanban Durusu,0,Kanban Durusu,0,0,0,0,0,Kirmizi,2022-01-19 08:59:13
38,641,0,Sensor Arizasi,1, ,1, ,1, ,1, ,0,Kanban Durusu,0,Kanban Durusu,0,Kanban Durusu,0,0,0,0,0,Kirmizi,2022-01-19 08:59:18
39,642,1, ,1, ,1, ,1, ,1, ,0,Kanban Durusu,0,Kanban Durusu,0,Kanban Durusu,0,0,0,0,0,Kirmizi,2022-01-19 09:34:54
40,643,1, ,1, ,1, ,1, ,1, ,1, ,1, ,1, ,0,0,0,0,0,Kirmizi,2022-01-19 09:35:03
41,644,1, ,1, ,0, ,1, ,1, ,1, ,1, ,1, ,0,0,0,0,0,Kirmizi,2022-01-19 10:06:16
42,645,1, ,1, ,0,Sensor Arizasi,1, ,1, ,1, ,1, ,1, ,0,0,0,0,0,Kirmizi,2022-01-19 10:06:22
43,646,1, ,1, ,1, ,1, ,1, ,1, ,1, ,1, ,0,0,0,0,0,Kirmizi,2022-01-19 10:17:32
44,647,1, ,1, ,1, ,1, ,1, ,0, ,0, ,0, ,0,0,0,0,0,Kirmizi,2022-01-19 10:18:09
45,648,1, ,1, ,1, ,1, ,1, ,0,Kanban Durusu,0, ,0, ,0,0,0,0,0,Kirmizi,2022-01-19 10:18:17
46,649,1, ,1, ,1, ,1, ,1, ,0,Kanban Durusu,0,Kanban Durusu,0, ,0,0,0,0,0,Kirmizi,2022-01-19 10:18:18
47,650,1, ,1, ,1, ,1, ,1, ,0,Kanban Durusu,0,Kanban Durusu,0,Kanban Durusu,0,0,0,0,0,Kirmizi,2022-01-19 10:18:19
48,651,1, ,1, ,1, ,1, ,1, ,1, ,1, ,1, ,0,0,0,0,0,Kirmizi,2022-01-19 11:04:55
49,652,1, ,1, ,0, ,0, ,0, ,1, ,1, ,1, ,0,0,0,0,0,Kirmizi,2022-01-19 11:31:37
50,653,1, ,1, ,0,Kanban Durusu,0, ,0, ,1, ,1, ,1, ,0,0,0,0,0,Kirmizi,2022-01-19 11:31:47
51,654,1, ,1, ,0,Kanban Durusu,0,Kanban Durusu,0, ,1, ,1, ,1, ,0,0,0,0,0,Kirmizi,2022-01-19 11:31:49
52,655,1, ,1, ,0,Kanban Durusu,0,Kanban Durusu,0,Kanban Durusu,1, ,1, ,1, ,0,0,0,0,0,Kirmizi,2022-01-19 11:31:50
53,656,1, ,1, ,1, ,1, ,1, ,1, ,1, ,1, ,0,0,0,0,0,Kirmizi,2022-01-19 11:54:06
54,657,1, ,1, ,1, ,1, ,1, ,0, ,0, ,0, ,0,0,0,0,0,Kirmizi,2022-01-19 11:54:11
55,658,1, ,1, ,1, ,1, ,1, ,0,Kanban Durusu,0, ,0, ,0,0,0,0,0,Kirmizi,2022-01-19 11:54:20
56,659,1, ,1, ,1, ,1, ,1, ,0,Kanban Durusu,0,Kanban Durusu,0, ,0,0,0,0,0,Kirmizi,2022-01-19 11:54:21
57,660,1, ,1, ,1, ,1, ,1, ,0,Kanban Durusu,0,Kanban Durusu,0,Kanban Durusu,0,0,0,0,0,Kirmizi,2022-01-19 11:54:23
58,661,1, ,1, ,1, ,1, ,1, ,1, ,1, ,1, ,0,0,0,0,0,Kirmizi,2022-01-19 12:48:50
59,662,0,,0,,0,,0,,0,,0,,0,,0,,0,0,0,0,0,,2022-01-19 12:56:06
60,663,0, ,0, ,0, ,0, ,0, ,0, ,0, ,0, ,0,0,0,0,0, ,2022-01-19 12:56:19
61,664,1, ,1, ,1, ,1, ,1, ,1, ,1, ,1, ,0,0,0,0,0, ,2022-01-19 12:56:29
62,665,1, ,1, ,1, ,1, ,1, ,1, ,1, ,1, ,0,0,0,0,0, ,2022-01-19 12:56:37
63,666,1, ,1, ,1, ,1, ,1, ,1, ,1, ,1, ,0,0,0,0,0,Beyaz,2022-01-19 12:57:01
64,667,1, ,1, ,0, ,1, ,1, ,1, ,1, ,1, ,0,0,0,0,0,Beyaz,2022-01-19 13:53:31
65,668,1, ,1, ,0,Zimpara Degisimi,1, ,1, ,1, ,1, ,1, ,0,0,0,0,0,Beyaz,2022-01-19 13:53:35
66,669,1, ,1, ,1, ,1, ,1, ,1, ,1, ,1, ,0,0,0,0,0,Beyaz,2022-01-19 14:43:59
67,670,1, ,1, ,1, ,1, ,1, ,0, ,0, ,0, ,0,0,0,0,0,Beyaz,2022-01-19 15:17:35
68,671,1, ,1, ,1, ,1, ,1, ,0,Kanban Durusu,0, ,0, ,0,0,0,0,0,Beyaz,2022-01-19 15:17:44
69,672,1, ,1, ,1, ,1, ,1, ,0,Kanban Durusu,0,Kanban Durusu,0, ,0,0,0,0,0,Beyaz,2022-01-19 15:17:45
70,673,1, ,1, ,1, ,1, ,1, ,0,Kanban Durusu,0,Kanban Durusu,0,Kanban Durusu,0,0,0,0,0,Beyaz,2022-01-19 15:17:46
71,674,1, ,1, ,1, ,1, ,1, ,1, ,1, ,1, ,0,0,0,0,0,Beyaz,2022-01-19 15:18:14
72,675,1, ,1, ,1, ,1, ,0, ,1, ,1, ,1, ,0,0,0,0,0,Beyaz,2022-01-19 15:19:39
73,676,1, ,1, ,1, ,1, ,0,Sensor Arizasi,1, ,1, ,1, ,0,0,0,0,0,Beyaz,2022-01-19 15:19:42
74,677,1, ,1, ,1, ,1, ,1, ,1, ,1, ,1, ,0,0,0,0,0,Beyaz,2022-01-19 15:20:01
75,678,0, ,0, ,0, ,0, ,0, ,0, ,0, ,0, ,5,4,8,2,0, ,2022-01-19 23:10:04
76,679,1, ,1, ,1, ,1, ,1, ,1, ,1, ,1, ,5,4,8,2,0, ,2022-01-19 23:11:06
77,680,1, ,1, ,1, ,1, ,0, ,0, ,1, ,1, ,5,4,8,2,0, ,2022-01-19 23:12:26
78,681,1, ,1, ,1, ,1, ,0,Kanban Durusu,0, ,1, ,1, ,5,4,8,2,0, ,2022-01-19 23:12:33
79,682,1, ,1, ,1, ,1, ,0,Kanban Durusu,0,Kanban Durusu,1, ,1, ,5,4,8,2,0, ,2022-01-19 23:12:35
80,683,1, ,1, ,1, ,1, ,0,Kanban Durusu,0,Kanban Durusu,1, ,1, ,5,4,8,2,0,Mavi,2022-01-19 23:12:59
81,684,1, ,1, ,1, ,1, ,1, ,1, ,1, ,1, ,5,4,8,2,0,Mavi,2022-01-19 23:18:01
82,685,1, ,1, ,1, ,1, ,1, ,0, ,0, ,0, ,5,4,8,2,0,Mavi,2022-01-19 23:21:07
83,686,1, ,1, ,1, ,1, ,1, ,0,Kanban Durusu,0, ,0, ,5,4,8,2,0,Mavi,2022-01-19 23:21:16
84,687,1, ,1, ,1, ,1, ,1, ,0,Kanban Durusu,0,Kanban Durusu,0, ,5,4,8,2,0,Mavi,2022-01-19 23:21:18
85,688,1, ,1, ,1, ,1, ,1, ,0,Kanban Durusu,0,Kanban Durusu,0,Kanban Durusu,5,4,8,2,0,Mavi,2022-01-19 23:21:20
86,689,1, ,1, ,1, ,1, ,1, ,0,Kanban Durusu,0,Kanban Durusu,0,Kanban Durusu,18,8,24,2,0,Mavi,2022-01-19 23:21:44
87,690,1, ,1, ,1, ,1, ,1, ,1, ,1, ,1, ,18,8,24,2,0,Mavi,2022-01-19 23:23:25
88,691,1, ,1, ,1, ,1, ,0, ,1, ,1, ,1, ,18,8,24,2,0,Mavi,2022-01-19 23:23:30
89,692,1, ,1, ,1, ,1, ,0,Sensor Arizasi,1, ,1, ,1, ,18,8,24,2,0,Mavi,2022-01-19 23:23:34
90,693,1, ,1, ,1, ,1, ,0,Sensor Arizasi,1, ,1, ,1, ,18,8,24,2,0,Kirmizi,2022-01-19 23:23:51
91,694,1, ,1, ,1, ,1, ,1, ,1, ,1, ,1, ,18,8,24,2,0,Kirmizi,2022-01-19 23:26:12
92,695,1, ,1, ,1, ,1, ,1, ,1, ,1, ,1, ,9,4,15,1,0,Kirmizi,2022-01-19 23:27:47
93,696,0, ,0, ,0, ,0, ,0, ,0, ,0, ,0, ,0,0,0,0,0,0,2022-01-19 23:40:16
94,697,0, ,0, ,0, ,0, ,0, ,0, ,0, ,0, ,0,0,0,0,0,0,2022-01-19 23:40:48
95,698,1, ,1, ,1, ,1, ,1, ,1, ,1, ,1, ,0,0,0,0,0,0,2022-01-19 23:40:50
96,699,1, ,1, ,1, ,1, ,1, ,1, ,1, ,1, ,0,0,0,0,1,1,2022-01-19 23:41:00
97,700,1, ,1, ,1, ,1, ,1, ,1, ,1, ,1, ,0,0,0,0,1,Beyaz,2022-01-19 23:43:04
98,701,1, ,1, ,1, ,1, ,0, ,1, ,1, ,1, ,0,0,0,0,1,Beyaz,2022-01-19 23:44:20
99,702,1, ,1, ,1, ,1, ,0,Sensor Arizasi,1, ,1, ,1, ,0,0,0,0,1,Beyaz,2022-01-19 23:44:24
100,703,1, ,1, ,1, ,1, ,0,Sensor Arizasi,0, ,0, ,0, ,0,0,0,0,1,Beyaz,2022-01-19 23:45:31
101,704,1, ,1, ,1, ,1, ,0,Sensor Arizasi,0,Kanban Durusu,0, ,0, ,0,0,0,0,1,Beyaz,2022-01-19 23:45:40
102,705,1, ,1, ,1, ,1, ,0,Sensor Arizasi,0,Kanban Durusu,0,Kanban Durusu,0, ,0,0,0,0,1,Beyaz,2022-01-19 23:45:42
103,706,1, ,1, ,1, ,1, ,0,Sensor Arizasi,0,Kanban Durusu,0,Kanban Durusu,0,Kanban Durusu,0,0,0,0,1,Beyaz,2022-01-19 23:45:43
104,707,1, ,1, ,1, ,1, ,1, ,0,Kanban Durusu,0,Kanban Durusu,0,Kanban Durusu,0,0,0,0,1,Beyaz,2022-01-19 23:47:26
105,708,1, ,1, ,1, ,1, ,1, ,1, ,1, ,1, ,0,0,0,0,1,Beyaz,2022-01-19 23:50:15
106,709,1, ,1, ,1, ,1, ,1, ,1, ,1, ,1, ,16,10,27,2,0,Beyaz,2022-01-19 23:50:42
107,710,1, ,1, ,1, ,1, ,1, ,1, ,1, ,1, ,0,0,0,0,1,Beyaz,2022-01-19 23:51:18
108,711,1, ,1, ,1, ,1, ,1, ,1, ,1, ,1, ,0,0,0,0,1,Mavi,2022-01-19 23:51:38
109,712,1, ,1, ,1, ,1, ,1, ,1, ,1, ,1, ,0,0,0,0,1,Kirmizi,2022-01-20 08:06:53
110,713,1, ,1, ,0, ,1, ,1, ,1, ,1, ,1, ,0,0,0,0,1,Kirmizi,2022-01-20 08:46:02
111,714,1, ,1, ,0,Sensor Arizasi,1, ,1, ,1, ,1, ,1, ,0,0,0,0,1,Kirmizi,2022-01-20 08:46:05
112,715,1, ,1, ,1, ,1, ,1, ,1, ,1, ,1, ,0,0,0,0,1,Kirmizi,2022-01-20 08:59:17
113,716,1, ,1, ,1, ,1, ,1, ,0, ,0, ,0, ,0,0,0,0,1,Kirmizi,2022-01-20 09:48:06
114,717,1, ,1, ,1, ,1, ,1, ,0,Kanban Durusu,0, ,0, ,0,0,0,0,1,Kirmizi,2022-01-20 09:48:14
115,718,1, ,1, ,1, ,1, ,1, ,0,Kanban Durusu,0,Kanban Durusu,0, ,0,0,0,0,1,Kirmizi,2022-01-20 09:48:17
116,719,1, ,1, ,1, ,1, ,1, ,0,Kanban Durusu,0,Kanban Durusu,0,Kanban Durusu,0,0,0,0,1,Kirmizi,2022-01-20 09:48:19
117,720,1, ,1, ,1, ,1, ,1, ,1, ,1, ,1, ,0,0,0,0,1,Kirmizi,2022-01-20 10:03:09
118,721,1, ,1, ,0, ,1, ,0, ,1, ,1, ,1, ,0,0,0,0,1,Kirmizi,2022-01-20 11:41:22
119,722,1, ,1, ,0,Zimpara Degisimi,1, ,0, ,1, ,1, ,1, ,0,0,0,0,1,Kirmizi,2022-01-20 11:41:27
120,723,1, ,1, ,0,Zimpara Degisimi,1, ,0,Zimpara Degisimi,1, ,1, ,1, ,0,0,0,0,1,Kirmizi,2022-01-20 11:41:29
121,726,1, ,1, ,0,Sensor Arizasi,0, ,1, ,1, ,1, ,1, ,0,0,0,0,1,Kirmizi,2022-01-20 12:45:16
122,727,1, ,1, ,0,Sensor Arizasi,0,Zimpara Degisimi,1, ,1, ,1, ,1, ,0,0,0,0,1,Kirmizi,2022-01-20 12:45:17
123,728,1, ,1, ,1, ,1, ,1, ,1, ,1, ,1, ,0,0,0,0,1,Kirmizi,2022-01-20 13:48:34
124,729,1, ,1, ,1, ,1, ,1, ,0, ,0, ,0, ,0,0,0,0,1,Kirmizi,2022-01-20 14:18:30
125,730,1, ,1, ,1, ,1, ,1, ,0,Kanban Durusu,0, ,0, ,0,0,0,0,1,Kirmizi,2022-01-20 14:18:35
126,731,1, ,1, ,1, ,1, ,1, ,0,Kanban Durusu,0,Kanban Durusu,0, ,0,0,0,0,1,Kirmizi,2022-01-20 14:18:37
127,732,1, ,1, ,1, ,1, ,1, ,0,Kanban Durusu,0,Kanban Durusu,0,Kanban Durusu,0,0,0,0,1,Kirmizi,2022-01-20 14:18:38
128,733,1, ,1, ,1, ,1, ,1, ,1, ,1, ,1, ,0,0,0,0,1,Kirmizi,2022-01-20 14:57:57
129,734,1, ,1, ,0, ,1, ,1, ,1, ,1, ,1, ,0,0,0,0,1,Kirmizi,2022-01-20 15:40:21
130,735,1, ,1, ,0,Sensor Arizasi,1, ,1, ,1, ,1, ,1, ,0,0,0,0,1,Kirmizi,2022-01-20 15:40:35
131,736,1, ,1, ,1, ,1, ,1, ,1, ,1, ,1, ,0,0,0,0,1,Kirmizi,2022-01-24 10:51:50
132,737,1, ,1, ,0, ,1, ,1, ,1, ,1, ,1, ,0,0,0,0,1,Kirmizi,2022-01-24 11:15:19
133,738,1, ,1, ,0,Sensor Arizasi,1, ,1, ,1, ,1, ,1, ,0,0,0,0,1,Kirmizi,2022-01-24 11:15:22
134,739,1, ,1, ,1, ,1, ,1, ,1, ,1, ,1, ,0,0,0,0,1,Mavi,2022-01-24 13:08:43
135,740,1, ,1, ,1, ,1, ,1, ,1, ,1, ,1, ,0,0,0,0,1,Mavi,2022-01-24 13:09:03
136,741,1, ,1, ,0, ,1, ,1, ,1, ,1, ,1, ,0,0,0,0,1,Mavi,2022-01-24 13:33:38
137,742,1, ,1, ,0,Sensor Arizasi,1, ,1, ,1, ,1, ,1, ,0,0,0,0,1,Mavi,2022-01-24 13:33:42
138,743,0,,0,,0,,0,,0,,0,,0,,0,,0,0,0,0,0,,2022-01-24 14:45:00
139,744,0, ,0, ,0, ,0, ,0, ,0, ,0, ,0, ,0,0,0,0,0, ,2022-01-24 14:45:04
140,745,0, ,0, ,0, ,0, ,0, ,0, ,0, ,0, ,0,0,0,0,0, ,2022-01-24 14:45:11
141,746,0, ,0, ,0, ,0, ,0, ,0, ,0, ,0, ,0,0,0,0,0,Beyaz,2022-01-24 14:45:27
142,747,1, ,1, ,1, ,1, ,1, ,1, ,1, ,1, ,0,0,0,0,0,Beyaz,2022-01-24 14:45:31
143,748,1, ,1, ,1, ,1, ,1, ,1, ,1, ,1, ,0,0,0,0,1,Beyaz,2022-01-24 14:45:37
144,749,1, ,1, ,1, ,1, ,0, ,1, ,1, ,1, ,0,0,0,0,1,Beyaz,2022-01-24 14:58:09
145,750,1, ,1, ,1, ,1, ,0,Zimpara Degisimi,1, ,1, ,1, ,0,0,0,0,1,Beyaz,2022-01-24 14:58:13
146,751,1, ,1, ,1, ,1, ,0,Sensor Arizasi,1, ,1, ,1, ,0,0,0,0,1,Beyaz,2022-01-24 15:22:30
147,752,1, ,1, ,1, ,1, ,1, ,1, ,1, ,1, ,0,0,0,0,1,Beyaz,2022-01-24 15:31:05
148,753,1, ,1, ,0, ,1, ,1, ,1, ,1, ,1, ,0,0,0,0,1,Beyaz,2022-01-24 15:34:18
149,754,1, ,1, ,0,Sensor Arizasi,1, ,1, ,1, ,1, ,1, ,0,0,0,0,1,Beyaz,2022-01-24 15:34:20
150,755,1, ,1, ,1, ,1, ,1, ,1, ,1, ,1, ,0,0,0,0,1,Beyaz,2022-01-24 15:35:13
151,756,1, ,1, ,1, ,1, ,1, ,0, ,0, ,0, ,0,0,0,0,1,Beyaz,2022-01-24 15:40:17
152,757,1, ,1, ,1, ,1, ,1, ,0,Kanban Durusu,0, ,0, ,0,0,0,0,1,Beyaz,2022-01-24 15:40:22
153,758,1, ,1, ,1, ,1, ,1, ,0,Kanban Durusu,0,Kanban Durusu,0, ,0,0,0,0,1,Beyaz,2022-01-24 15:40:23
154,759,1, ,1, ,1, ,1, ,1, ,0,Kanban Durusu,0,Kanban Durusu,0,Kanban Durusu,0,0,0,0,1,Beyaz,2022-01-24 15:40:25
155,760,1, ,1, ,1, ,1, ,1, ,0,Kanban Durusu,0,Kanban Durusu,0,Kanban Durusu,120,66,183,2,0,Beyaz,2022-01-24 15:57:21
156,761,1, ,1, ,1, ,1, ,1, ,0,Kanban Durusu,0,Kanban Durusu,0,Kanban Durusu,120,66,183,2,0,Kirmizi,2022-01-24 16:05:17
157,762,1, ,1, ,1, ,1, ,1, ,0,Kanban Durusu,0,Kanban Durusu,0,Kanban Durusu,0,0,0,0,1,Kirmizi,2022-01-24 16:05:24
158,763,1, ,1, ,1, ,1, ,1, ,1, ,1, ,1, ,0,0,0,0,1,Kirmizi,2022-01-24 16:05:38
159,764,0,,0,,0,,0,,0,,0,,0,,0,,0,0,0,0,0,,2022-01-25 09:12:20
160,765,0, ,0, ,0, ,0, ,0, ,0, ,0, ,0, ,0,0,0,0,0, ,2022-01-25 09:12:40
161,766,0, ,0, ,0, ,0, ,0, ,0, ,0, ,0, ,0,0,0,0,0,Kirmizi,2022-01-25 09:12:53
162,767,0, ,0, ,0, ,0, ,0, ,0, ,0, ,0, ,0,0,0,0,1,Kirmizi,2022-01-25 09:13:01
163,768,1, ,1, ,1, ,1, ,1, ,1, ,1, ,1, ,0,0,0,0,1,Kirmizi,2022-01-25 09:13:12
164,769,1, ,1, ,1, ,1, ,1, ,1, ,1, ,1, ,0,0,0,0,1,Kirmizi,2022-01-25 09:13:22
165,770,0,,0,,0,,0,,0,,0,,0,,0,,0,0,0,0,0,,2022-01-25 09:15:55
166,771,0, ,0, ,0, ,0, ,0, ,0, ,0, ,0, ,0,0,0,0,0, ,2022-01-25 09:16:14
167,772,0, ,0, ,0, ,0, ,0, ,0, ,0, ,0, ,0,0,0,0,0, ,2022-01-25 09:16:36
168,773,0, ,0, ,0, ,0, ,0, ,0, ,0, ,0, ,0,0,0,0,0,Kirmizi,2022-01-25 09:16:44
169,774,1, ,1, ,1, ,1, ,1, ,1, ,1, ,1, ,0,0,0,0,0,Kirmizi,2022-01-25 09:16:51
170,775,1, ,1, ,1, ,1, ,1, ,1, ,1, ,1, ,0,0,0,0,1,Kirmizi,2022-01-25 09:16:57
171,776,1, ,1, ,1, ,1, ,1, ,1, ,1, ,1, ,26,26,49,1,0,Kirmizi,2022-01-25 09:32:09
172,777,1, ,1, ,1, ,1, ,1, ,1, ,1, ,1, ,26,26,49,1,0,Beyaz,2022-01-25 09:32:33
173,778,1, ,1, ,1, ,1, ,1, ,1, ,1, ,1, ,0,0,0,0,1,Beyaz,2022-01-25 09:32:40
174,779,1, ,1, ,0, ,1, ,1, ,1, ,1, ,1, ,0,0,0,0,1,Beyaz,2022-01-25 10:20:09
175,780,1, ,1, ,0,Sensor Arizasi,1, ,1, ,1, ,1, ,1, ,0,0,0,0,1,Beyaz,2022-01-25 10:20:14
176,781,1, ,1, ,1, ,1, ,1, ,1, ,1, ,1, ,0,0,0,0,1,Beyaz,2022-01-25 10:20:26
177,782,1, ,1, ,1, ,1, ,1, ,1, ,1, ,1, ,81,82,160,3,0,Beyaz,2022-01-25 10:20:45
178,783,1, ,1, ,1, ,1, ,1, ,1, ,1, ,1, ,0,0,0,0,1,Beyaz,2022-01-25 10:21:04
179,784,1, ,1, ,1, ,1, ,1, ,1, ,1, ,1, ,0,0,0,0,1,Kirmizi,2022-01-25 10:21:22
180,785,0,,0,,0,,0,,0,,0,,0,,0,,0,0,0,0,0,,2022-01-25 11:26:38
181,786,1, ,1, ,1, ,1, ,1, ,1, ,1, ,1, ,0,0,0,0,0, ,2022-01-25 11:28:55
182,787,1, ,1, ,1, ,1, ,1, ,1, ,1, ,1, ,0,0,0,0,0, ,2022-01-25 11:29:03
183,788,1, ,1, ,1, ,1, ,1, ,1, ,1, ,1, ,0,0,0,0,0,Mavi,2022-01-25 11:29:16
184,789,1, ,1, ,1, ,1, ,1, ,1, ,1, ,1, ,0,0,0,0,1,Mavi,2022-01-25 11:29:25
185,790,0,,0,,0,,0,,0,,0,,0,,0,,0,0,0,0,0,,2022-02-01 13:42:41
186,791,0,,0,,0,,0,,0,,0,,0,,0,,0,0,0,0,0,Mavi,2022-02-01 13:43:14
187,792,0,,0,,0,,0,,0,,0,,0,,0,,0,0,0,0,1,Mavi,2022-02-01 13:43:21
188,793,1,,1,,1,,1,,1,,1,,1,,1,,0,0,0,0,1,Mavi,2022-02-01 13:43:44
189,794,1,,1,,1,,1,,1,,1,,1,,1,,0,0,0,0,0,,2022-02-01 16:28:00
190,795,1,,1,,1,,1,,1,,1,,1,,1,,0,0,0,0,0,,2022-02-01 16:28:16
191,796,1,,1,,1,,1,,1,,1,,1,,1,,0,0,0,0,0,Beyaz,2022-02-01 16:28:31
192,797,1,,1,,1,,1,,1,,1,,1,,1,,0,0,0,0,1,Beyaz,2022-02-01 16:28:39
193,798,0,,1,,1,,1,,1,,1,,1,,1,,0,0,0,0,1,Beyaz,2022-02-01 16:39:14
194,799,0,Sensor Arizasi,1,,1,,1,,1,,1,,1,,1,,0,0,0,0,1,Beyaz,2022-02-01 16:39:19
195,800,1,,1,,1,,1,,1,,1,,1,,1,,0,0,0,0,1,Beyaz,2022-02-01 16:40:20
196,801,1,,1,,1,,1,,1,,1,,1,,0,,0,0,0,0,1,Beyaz,2022-02-01 16:53:56
197,802,1,,1,,1,,1,,1,,1,,1,,0,Zimpara Degisimi,0,0,0,0,1,Beyaz,2022-02-01 16:54:00
198,803,1,,1,,1,,1,,1,,1,,1,,1,,0,0,0,0,1,Beyaz,2022-02-01 16:55:19
199,804,0,,0,,0,,0,,0,,0,,0,,0,,0,0,0,0,0,,2022-02-01 18:07:34
200,805,0,,0,,0,,0,,0,,0,,0,,0,,0,0,0,0,0,,2022-02-02 14:06:00
201,806,1,,1,,1,,1,,1,,1,,1,,1,,0,0,0,0,0,,2022-02-02 14:06:30
202,807,1,,1,,1,,1,,1,,1,,1,,1,,0,0,0,0,0,Mavi,2022-02-02 14:09:55
203,808,1,,1,,1,,1,,1,,1,,1,,1,,0,0,0,0,1,Mavi,2022-02-02 14:10:26
204,809,1,,0,,1,,1,,1,,1,,1,,1,,0,0,0,0,1,Mavi,2022-02-02 14:10:41
205,810,1,,0,Zimpara Degisimi,1,,1,,1,,1,,1,,1,,0,0,0,0,1,Mavi,2022-02-02 14:10:53
206,811,1,,0,Robot Ayar,1,,1,,1,,1,,1,,1,,0,0,0,0,1,Mavi,2022-02-02 14:13:20
207,812,1,,0,Sensor Arizasi,1,,1,,1,,1,,1,,1,,0,0,0,0,1,Mavi,2022-02-02 14:20:54
208,813,1,,1,,1,,1,,1,,1,,1,,1,,0,0,0,0,1,Mavi,2022-02-02 14:20:58
209,814,1,,1,,1,,1,,1,,1,,1,,1,,0,0,5,1,0,Mavi,2022-02-02 14:21:29
210,815,1,,1,,1,,1,,1,,0,,1,,1,,0,0,5,1,0,Mavi,2022-02-02 14:40:54
211,816,1,,1,,1,,1,,1,,0,Sensor Arizasi,1,,1,,0,0,5,1,0,Mavi,2022-02-02 14:41:36
212,817,1,,1,,1,,1,,1,,0,BakÄ±m Bekleme,1,,1,,0,0,5,1,0,Mavi,2022-02-02 14:41:46
213,818,1,,1,,1,,1,,1,,1,,1,,1,,0,0,5,1,0,Mavi,2022-02-02 14:43:32
